Python开发工程师,20
python开发工程师,10
Python工程师,5
Python高级开发工程师,5
Python软件工程师,3
python开发,2
python工程师,2
Python开发,2
PHP或Python 开发工程师,1
Python讲师,1
Python Web开发工程师,1
Python后端工程师,1
Python中级开发工程师,1
Python程序员(游戏开发),1
python测试工程师,1
Python后端数据工程师,1
项目研发经理（python平台）,1
运维开发工程师 （Python）--淘米游戏,1
python后端主程,1
资深Python开发,1
高级软件测试工程师(Python),1
Python开发工程师/中级高级python软件工程师,1
Python 后端开发工程师,1
python/go开发,1
python 开发工程师,1
python工程师（网络安全）,1
Python 开发工程师,1
资深Python后端开发/架构师,1
互联网软件开发工程师(python方向),1
测试开发工程师（C++/python）,1
广告后台开发工程师（Python）,1
高级Python开发工程师,1
PYTHON开发工程师,1
Python/Odoo初级开发工程师,1
高级PHP开发工程师（需懂些Python）,1
资深Python 开发工程师,1
运维开发工程师（Python）,1
Python安全研发工程师,1
Python开发工程师（数据采集）,1
数据平台工程师（python）,1
服务器工程师(python、php),1
Python 软件工程师,1
Python web(Django)程序员,1
Python软件工程师（大数据产品开发）,1
Open ERP ODOO（Python）,1
Python研发工程师,1
python高级大数据开发工程师,1
python开发工程师（爬虫）（C）,1
运维软件-平台研发工程师 (Python) （上海、嘉兴）,1
后端开发工程师（Python开发）,1
Python 程序员 (数据应用岗),1
初级python开发工程师,1
软件工程师（Python开发）,1
高级 Python 工程师,1
(ID49872)知名互联网视频公司 Python开发工程师,1
"Software Engineer_Python/C,C++/EDA",1
Python数据开发工程师,1
Python Developer（Python开发人员）,1
python 工程师,1
自然语言处理工程师（python java),1
Python/Go 运维开发工程师,1
高级Python工程师,1
web后端开发（python）,1
